dataset,model,mae,rmse,smape,mase,rain_occurrence_error,positive_mae,wql,wql_macro,wql_median,successful_runs,failed_runs,diagnostic_model,evaluated_tasks,successful_tasks,failed_tasks,total_duration_seconds
chronos_car_parts,chronos_t5_small,0.4404855199964144,0.7074992313545245,1.141092840830485,0.7156193944114542,0.28611111111111115,1.3175516843154866,1.0181594118758612,1.2600531788625162,1.000000007546101,120,0,False,40,40,0,34.913538300988876
chronos_car_parts,chronos_t5_mini,0.46595030435038587,0.7479498959641951,1.1321634521087012,0.7312892264226535,0.28541666666666665,1.3104810179561697,1.0437788814236473,1.2992212415881197,1.0000000433841096,120,0,False,40,40,0,26.851605395029765
chronos_car_parts,chronos_t5_large,0.47379597346596897,0.7353875395716526,1.0947997639576594,0.745802139791482,0.2972222222222222,1.1963952315110031,1.0645145507229619,1.3281344841290315,1.0061728490792494,120,0,False,40,40,0,91.78626214100586
chronos_car_parts,chronos_t5_base,0.5099133088748949,0.7812721207302111,1.1060958430171013,0.7626859850149047,0.29375,1.268904907408581,1.1357426336034426,1.423915363524097,1.0000000433841096,120,0,False,40,40,0,53.59043455599749
chronos_m1_yearly,chronos_t5_small,355925.13280373416,420575.15562197234,0.2807692767224378,3.5964360083680136,,,0.11752571430547465,0.21302306781748104,0.13914813791714553,180,0,False,60,60,0,19.733086268985062
chronos_m1_yearly,chronos_t5_mini,356774.03104224004,423141.48474537797,0.27109811229424347,3.687533952294877,,,0.11940289456526658,0.20980190513500502,0.18112574670081155,180,0,False,60,60,0,18.13801812996462
chronos_m1_yearly,chronos_t5_large,359199.9202002446,424820.58904203906,0.2717066855273313,3.4174582819466033,,,0.11907272418477993,0.20825116301788063,0.13387706907714908,180,0,False,60,60,0,512.6708562660388
chronos_m1_yearly,chronos_t5_base,360948.6960639636,427426.5942412138,0.27031542517555257,3.4440466096999054,,,0.1181821904711925,0.20614420841936582,0.13632380664413035,180,0,False,60,60,0,135.80936341099004
chronos_m3_quarterly,chronos_t5_base,540.1226147121853,631.3831329345703,0.120091548975971,1.2260813654177636,,,0.08676014958636992,0.0959369555002089,0.07181892495899608,180,0,False,60,60,0,60.85561174302347
chronos_m3_quarterly,chronos_t5_large,542.7467524210612,638.9923098034329,0.11967622551860081,1.2049642216315084,,,0.08770311217358971,0.09618173719625829,0.06844284085062946,180,0,False,60,60,0,99.16575498400198
chronos_m3_quarterly,chronos_t5_small,572.0112355550131,670.0562856038412,0.12872699082104697,1.306179755155975,,,0.09214440888843145,0.10203333229119137,0.07553253542590685,180,0,False,60,60,0,37.29217930199593
chronos_m3_quarterly,chronos_t5_mini,578.6804321289062,675.2971722073025,0.13092131784392727,1.3588949860514015,,,0.092453530543823,0.10282156006952309,0.08090407485661404,180,0,False,60,60,0,30.190357318006136
chronos_m4_hourly,chronos_t5_large,122.2493707375601,161.49102098778303,0.06571689761088541,0.5240041274003964,,,0.02676829655218648,0.05352824861223944,0.017397337327726844,180,0,False,60,60,0,5193.760039480974
chronos_m4_hourly,chronos_t5_base,124.02260016474045,162.1298516858783,0.06706509794651841,0.5430985823643637,,,0.028164342258305265,0.05426003639269343,0.01676075360375499,180,0,False,60,60,0,277.6144831970014
chronos_m4_hourly,chronos_t5_small,141.3829479019675,180.06275926255103,0.06914017781253076,0.6092493393971843,,,0.030807024164174353,0.05545601065737152,0.018575134728050623,180,0,False,60,60,0,168.5787584979953
chronos_m4_hourly,chronos_t5_mini,142.5281363832454,188.60148504144615,0.0775716088932111,0.7269925929573264,,,0.031057556841928565,0.06358408264507308,0.020825652281681768,180,0,False,60,60,0,133.0464556129882
chronos_nn5_weekly,chronos_t5_large,15.825865523020427,20.01814121670193,0.11632578124602636,0.8857014458906262,,,0.0905053798086879,0.09371947948046185,0.09105973945210877,180,0,False,60,60,0,98.47198764501809
chronos_nn5_weekly,chronos_t5_base,16.39368464152018,20.629129648208618,0.1194298848302828,0.9069557637796873,,,0.09376766862822608,0.09616455014175153,0.09270440356489903,180,0,False,60,60,0,56.05677579100666
chronos_nn5_weekly,chronos_t5_small,16.62807437049018,20.995858091778224,0.12006389196548196,0.923342904705678,,,0.0954088218434671,0.09677172335287236,0.0940287279475252,180,0,False,60,60,0,35.974385665958835
chronos_nn5_weekly,chronos_t5_mini,16.82864562140571,21.186818591753642,0.1218000472833713,0.9308073291653669,,,0.09649770537434205,0.09802619278612722,0.09344784800887271,180,0,False,60,60,0,28.01212195797052
chronos_weather,chronos_t5_base,1.376165931397099,2.9314701329859614,1.80951254301601,0.42764682573960255,0.2537037037037037,3.76890465595584,0.90946840667313,0.9488975850273043,0.9712030142038788,180,0,False,60,60,0,204.58340673000566
chronos_weather,chronos_t5_large,1.376696953151046,2.9303876868081606,1.8104596694310506,0.4275272302927051,0.25537037037037036,3.7671401165965674,0.9043207857479121,0.9470841384071829,0.9595688277039884,180,0,False,60,60,0,3386.9935972799976
chronos_weather,chronos_t5_small,1.3823977860875447,2.9468976343200457,1.836871651146147,0.4289295725278437,0.28314814814814815,3.798799635059592,0.9314745846896862,0.9572466741171194,0.9764482703175008,180,0,False,60,60,0,122.6425003459808
chronos_weather,chronos_t5_mini,1.3824921968646369,2.9471610305566776,1.8401260733604432,0.4291966145976138,0.28444444444444444,3.8013342975274376,0.9394411385717848,0.9613804878081631,0.9745809211960804,180,0,False,60,60,0,92.19227011202747
external_national_illness,chronos_t5_mini,208739.81336805556,269154.3498263889,0.18207352111736932,2.4313042760814465,,,0.13688536612170035,0.14275297601443918,0.15161586669711274,9,0,False,3,3,0,3.9740511310046713
external_national_illness,chronos_t5_small,266038.86024305556,316611.81163194444,0.24497156838575998,3.0631544926269076,,,0.1800060891142149,0.1884022587143196,0.1442426152975324,9,0,False,3,3,0,4.44509911399291
external_national_illness,chronos_t5_large,269527.1223958333,319920.28515625,0.2508134465250704,3.118327802321679,,,0.17822081027968573,0.18719477108313706,0.1518145300126754,9,0,False,3,3,0,137.48377305600297
external_national_illness,chronos_t5_base,272036.9670138889,322399.58940972225,0.25585565260714954,3.146046075164809,,,0.1864150060566144,0.1958618373975355,0.15068182037971772,9,0,False,3,3,0,8.041430895998928
external_psm,chronos_t5_small,0.014455537942962515,0.019488264263297122,0.04323402132011122,0.5101282500027922,,,0.027013384282014802,0.03424354173059698,0.019728418872663366,45,0,False,15,15,0,29.333774346010614
external_psm,chronos_t5_base,0.01474083576661845,0.01974414500614835,0.04540499902019898,0.5190037510779797,,,0.028026467808498434,0.036726858837542786,0.020528339266553484,45,0,False,15,15,0,45.91709615500076
external_psm,chronos_t5_large,0.014846023301490478,0.019836046101732386,0.04488239886446132,0.5147598812415395,,,0.028029130809039394,0.03600424166475446,0.021881582271366266,45,0,False,15,15,0,702.693389187014
external_psm,chronos_t5_mini,0.015231057582423092,0.02018351235633923,0.045684657121698065,0.537184414365351,,,0.028372671328449263,0.036302018694697825,0.0194654359795116,45,0,False,15,15,0,22.134067837989278
external_traffic,chronos_t5_base,0.005551115348417726,0.007063094154000282,0.17004362493753433,0.4909712542719763,,,0.14794938452865222,0.17986365930255366,0.12263686696776047,45,0,False,15,15,0,49.424743297015084
external_traffic,chronos_t5_small,0.005582094740950399,0.007093075419672661,0.17354648692740335,0.5096461571384663,,,0.14616554792746922,0.1761473709417688,0.09104234817217656,45,0,False,15,15,0,28.81261745498341
external_traffic,chronos_t5_large,0.00559206607285887,0.007091549499374297,0.1698213330573506,0.4745981179934327,,,0.1486345620684247,0.17913065335995929,0.11125776339364263,45,0,False,15,15,0,696.0629017129977
external_traffic,chronos_t5_mini,0.005909433645299739,0.007566382984320322,0.1764499949084388,0.540868033441369,,,0.15315926835593136,0.1850142214557563,0.11848356933591028,45,0,False,15,15,0,21.340634906006017
official_bls_macro,chronos_t5_mini,137.65550424353708,144.3104662951969,0.015531372522846573,0.28595876357956407,,,0.002075025802021983,0.012415955722851257,0.004600304564257262,21,0,False,7,7,0,3.209728602989344
official_bls_macro,chronos_t5_small,254.9410936012864,293.20450147454227,0.019721437511699542,0.32188576106194466,,,0.003018771856422477,0.014632782176403689,0.004396033560443893,21,0,False,7,7,0,3.7694964060283382
official_bls_macro,chronos_t5_large,369.58952690944784,389.00716882731234,0.016075080293895944,0.2817864722221412,,,0.004150764822289941,0.011677300718918017,0.0077003411766547935,21,0,False,7,7,0,10.734032499996829
official_bls_macro,chronos_t5_base,401.45005791563364,423.8508486570347,0.015555283753201365,0.27409490728427244,,,0.004664922696062602,0.011726019523236642,0.008343870821649082,21,0,False,7,7,0,6.099561379000079
official_elexon_demand,chronos_t5_large,25175.16015625,30731.994574652777,0.04725336738758617,0.5810172387284133,,,0.03619737166415535,0.036221682273527976,0.035456112477370856,9,0,False,3,3,0,153.69013036700562
official_elexon_demand,chronos_t5_base,26336.757161458332,32173.574652777777,0.049268797453906804,0.6083020727761108,,,0.038280871529831,0.03832313248584194,0.037026487379679014,9,0,False,3,3,0,10.77388384599908
official_elexon_demand,chronos_t5_small,27269.739800347223,33176.75824652778,0.0512653026315901,0.6283474139720818,,,0.03936454644036753,0.03937465412214147,0.0401089393191673,9,0,False,3,3,0,6.160788240009424
official_elexon_demand,chronos_t5_mini,27482.829210069445,34049.331380208336,0.051917892363336354,0.6329106879855896,,,0.039711981204212814,0.03968965438841117,0.03925807085395368,9,0,False,3,3,0,5.228757227992901
official_usgs_streamflow,chronos_t5_large,1620.9837427383814,2412.8047824761807,0.3264598065557388,1.103921345683682,,,0.2681502849438157,0.3015257001290943,0.2119086326023178,39,0,False,13,13,0,748.9783835750059
official_usgs_streamflow,chronos_t5_base,1638.8387771019568,2433.3640573941743,0.3326919730275105,1.1105852472172928,,,0.2755950466725394,0.3148042225006885,0.2197473215890069,39,0,False,13,13,0,53.08844864300045
official_usgs_streamflow,chronos_t5_mini,1671.7129213382036,2476.3808504740396,0.34135767817497253,1.1304497027930733,,,0.2832204505933457,0.32362124725303676,0.22174621944300799,39,0,False,13,13,0,28.946663316015474
official_usgs_streamflow,chronos_t5_small,1696.0647335541555,2476.553309513972,0.3503731203575929,1.1293607689737404,,,0.27832290301584384,0.3224139374657249,0.21511622170662995,39,0,False,13,13,0,32.08386836099089
