dataset,series_id,item_id,origin,cutoff_timestamp,model,repetition,seed,diagnostic_model,forecast_distribution,mae,rmse,smape,mase,wql,wql_loss_sum,wql_abs_target_sum,rain_occurrence_error,positive_mae,actual_zero_fraction,predicted_zero_fraction,metric_notes,duration_seconds,error_type,error
chronos_m1_yearly,90:target,90:target::origin=0,0,1988-12-31 00:00:00,chronos_t5_tiny,0,1288419292,False,chronos_samples,0.8217813968658447,0.9785366654396057,0.2059227079153061,4.418180465698242,0.14955012811704532,3.815024087739366,25.51000213623047,,,0.0,0.0,,4.289020165997499,,
chronos_m1_yearly,90:target,90:target::origin=0,0,1988-12-31 00:00:00,seasonal_naive,0,1530226048,False,degenerate,0.9116666913032532,1.0436075925827026,0.2319755107164383,4.901434898376465,0.21442572767436227,5.470000771035754,25.51000213623047,,,0.0,0.0,"{""wql_distribution"": ""Repeated point forecasts form a degenerate distribution; calibration is not measured.""}",0.0005185540030652191,,
chronos_m1_yearly,90:target,90:target::origin=0,0,1988-12-31 00:00:00,ar_2,0,1367314151,False,gaussian,0.5015069842338562,0.5951772928237915,0.11942490935325623,2.696274757385254,0.10120196281363267,2.581662287566486,25.51000213623047,,,0.0,0.0,,0.4561374449986033,,
chronos_m1_yearly,90:target,90:target::origin=0,0,1988-12-31 00:00:00,ma_2,0,1490394959,False,gaussian,1.3910903930664062,1.5368934869766235,0.38285741209983826,7.478982448577881,0.30367431710911835,7.746732478171937,25.51000213623047,,,0.0,0.0,,0.0350179199995182,,
chronos_m1_yearly,90:target,90:target::origin=0,0,1988-12-31 00:00:00,arma_2_2,0,2432763096,False,gaussian,5.619102478027344,7.696859836578369,0.6362557411193848,30.210235595703125,1.3134607334602078,33.506386116424736,25.51000213623047,,,0.0,0.0,,0.06858471099985763,,
chronos_m1_yearly,90:target,90:target::origin=0,0,1988-12-31 00:00:00,arima_2_1_2,0,148919152,False,gaussian,0.40114685893058777,0.4944687783718109,0.09351005405187607,2.1567039489746094,0.06890768306323615,1.7578351421458462,25.51000213623047,,,0.0,0.0,,0.16912571099965135,,
chronos_m1_yearly,90:target,90:target::origin=0,0,1988-12-31 00:00:00,auto_arima,0,2681911482,False,gaussian,5.883089542388916,8.11117172241211,0.6485530734062195,31.629520416259766,1.3717924442820235,34.994428184099235,25.51000213623047,,,0.0,0.0,,0.2982645260017307,,
chronos_m1_yearly,90:target,90:target::origin=0,0,1988-12-31 00:00:00,prophet,0,3358925276,False,samples,0.82355135679245,0.8945798277854919,0.20831900835037231,4.427696228027344,0.18250543569011876,4.655714054328602,25.51000213623047,,,0.0,0.0,,0.49320030599847087,,
chronos_m1_yearly,90:target,90:target::origin=0,0,1988-12-31 00:00:00,deepar,0,1641975837,False,samples,0.9121840596199036,1.0328923463821411,0.23262399435043335,4.904216289520264,0.16815218168594367,4.289562514020237,25.51000213623047,,,0.0,0.0,,1.2724158250020992,,
chronos_m4_hourly,207:target,207:target::origin=0,0,2010-06-02 12:00:00,chronos_t5_tiny,0,862793191,False,chronos_samples,0.07720208168029785,0.09997016936540604,0.003971025347709656,0.5545752048492432,0.0030801051336165233,3.0748689172904355,998.2999877929688,,,0.0,0.0,,1.8194037329994899,,
chronos_m4_hourly,207:target,207:target::origin=0,0,2010-06-02 12:00:00,seasonal_naive,0,2273841927,False,degenerate,0.2520831525325775,0.2704162001609802,0.012500087730586529,1.8108198642730713,0.012120596066096728,12.099990904827868,998.2999877929688,,,0.0,0.0,"{""wql_distribution"": ""Repeated point forecasts form a degenerate distribution; calibration is not measured.""}",0.0005294220027280971,,
chronos_m4_hourly,207:target,207:target::origin=0,0,2010-06-02 12:00:00,ar_2,0,1579105872,False,gaussian,3.3644416332244873,4.319113731384277,0.16571544110774994,24.1682071685791,0.13248737646554795,132.26214630827897,998.2999877929688,,,0.0,0.0,,0.03338180600258056,,
chronos_m4_hourly,207:target,207:target::origin=0,0,2010-06-02 12:00:00,ma_2,0,3391745489,False,gaussian,3.5346262454986572,4.437222957611084,0.17385275661945343,25.390714645385742,0.142372555474713,142.13052039245974,998.2999877929688,,,0.0,0.0,,0.4049618000026385,,
chronos_m4_hourly,207:target,207:target::origin=0,0,2010-06-02 12:00:00,arma_2_2,0,1898578617,False,gaussian,3.3872547149658203,4.3250532150268555,0.1662466675043106,24.332082748413086,0.13151880514524394,131.29522157104287,998.2999877929688,,,0.0,0.0,,0.36376242600090336,,
chronos_m4_hourly,207:target,207:target::origin=0,0,2010-06-02 12:00:00,arima_2_1_2,0,261917535,False,gaussian,2.0104897022247314,2.4018616676330566,0.09585148841142654,14.442197799682617,0.07126173223191926,71.14058641723081,998.2999877929688,,,0.0,0.0,,0.23233115800030646,,
chronos_m4_hourly,207:target,207:target::origin=0,0,2010-06-02 12:00:00,auto_arima,0,2784031153,False,gaussian,3.3965094089508057,4.338596820831299,0.16689151525497437,24.398563385009766,0.1321154354874216,131.89083763435573,998.2999877929688,,,0.0,0.0,,1.7619460839996464,,
chronos_m4_hourly,207:target,207:target::origin=0,0,2010-06-02 12:00:00,prophet,0,2250394630,False,samples,0.2670079171657562,0.3310127258300781,0.013396027497947216,1.9180307388305664,0.010448192830220648,10.430430774867856,998.2999877929688,,,0.0,0.0,,0.19681259199933265,,
chronos_m4_hourly,207:target,207:target::origin=0,0,2010-06-02 12:00:00,deepar,0,4005131104,False,samples,2.710108757019043,3.012624502182007,0.13121797144412994,19.467857360839844,0.09316388208835255,93.00550235154793,998.2999877929688,,,0.0,0.0,,1.4045547630012152,,
chronos_weather,subset=rain|364:target,subset=rain|364:target::origin=0,0,1974-07-27 00:00:00,chronos_t5_tiny,0,146537211,False,chronos_samples,0.12000001221895218,0.4589844048023224,2.0,0.030298281461000443,1.1459735621788314,4.1255047145552375,3.5999999046325684,0.13333333333333333,0.8999999761581421,0.8666666666666667,1.0,"{""smape"": ""Zero-inflated target; interpret with rain occurrence and positive-only error.""}",1.1657124730008945,,
chronos_weather,subset=rain|364:target,subset=rain|364:target::origin=0,0,1974-07-27 00:00:00,seasonal_naive,0,26819991,False,degenerate,0.12000000476837158,0.4226897954940796,0.3452991545200348,0.030298279598355293,1.0000000535338027,3.600000097354253,3.5999999046325684,0.13333333333333333,0.800000011920929,0.8666666666666667,0.8666666666666667,"{""smape"": ""Zero-inflated target; interpret with rain occurrence and positive-only error."", ""wql_distribution"": ""Repeated point forecasts form a degenerate distribution; calibration is not measured.""}",0.0005298399992170744,,
chronos_weather,subset=rain|364:target,subset=rain|364:target::origin=0,0,1974-07-27 00:00:00,weather_zero_baseline,0,3213596506,True,degenerate,0.11999999731779099,0.4589844048023224,0.2666666805744171,0.030298277735710144,1.0000000670552271,3.60000014603138,3.5999999046325684,0.13333333333333333,0.9000000357627869,0.8666666666666667,1.0,"{""smape"": ""Zero-inflated target; interpret with rain occurrence and positive-only error."", ""wql_distribution"": ""Repeated point forecasts form a degenerate distribution; calibration is not measured.""}",0.00018744600311038084,,
chronos_weather,subset=rain|364:target,subset=rain|364:target::origin=0,0,1974-07-27 00:00:00,ar_2,0,1668058044,False,gaussian,2.411543130874634,2.453939437866211,1.8823151588439941,0.6088800430297852,18.449760439762546,66.4191358236389,3.5999999046325684,0.8666666666666667,1.6543810367584229,0.8666666666666667,0.0,"{""smape"": ""Zero-inflated target; interpret with rain occurrence and positive-only error.""}",0.023247824999998556,,
chronos_weather,subset=rain|364:target,subset=rain|364:target::origin=0,0,1974-07-27 00:00:00,ma_2,0,2954833634,False,gaussian,2.410334348678589,2.4526753425598145,1.8823127746582031,0.6085748076438904,18.446236694609976,66.4064503414257,3.5999999046325684,0.8666666666666667,1.654299020767212,0.8666666666666667,0.0,"{""smape"": ""Zero-inflated target; interpret with rain occurrence and positive-only error.""}",0.11150169000029564,,
chronos_weather,subset=rain|364:target,subset=rain|364:target::origin=0,0,1974-07-27 00:00:00,arma_2_2,0,2508095425,False,gaussian,2.3996262550354004,2.4424262046813965,1.8822568655014038,0.6058712005615234,18.419328036781664,66.30957917580999,3.5999999046325684,0.8666666666666667,1.6524908542633057,0.8666666666666667,0.0,"{""smape"": ""Zero-inflated target; interpret with rain occurrence and positive-only error.""}",0.30350596100106486,,
chronos_weather,subset=rain|364:target,subset=rain|364:target::origin=0,0,1974-07-27 00:00:00,arima_2_1_2,0,75120052,False,gaussian,2.40604829788208,2.4486191272735596,1.8823024034500122,0.6074926853179932,18.447313875508144,66.41032819255638,3.5999999046325684,0.8666666666666667,1.6539632081985474,0.8666666666666667,0.0,"{""smape"": ""Zero-inflated target; interpret with rain occurrence and positive-only error.""}",0.5080778279989318,,
chronos_weather,subset=rain|364:target,subset=rain|364:target::origin=0,0,1974-07-27 00:00:00,auto_arima,0,1727098295,False,gaussian,2.4118244647979736,2.4540164470672607,1.882306456565857,0.6089510917663574,18.44542516431405,66.40352883243776,3.5999999046325684,0.8666666666666667,1.6540908813476562,0.8666666666666667,0.0,"{""smape"": ""Zero-inflated target; interpret with rain occurrence and positive-only error.""}",1.4417896220002149,,
chronos_weather,subset=rain|364:target,subset=rain|364:target::origin=0,0,1974-07-27 00:00:00,prophet,0,1659148243,False,samples,1.086521029472351,1.226067066192627,1.899398684501648,0.2743309736251831,15.637082016213022,56.293493767098525,3.5999999046325684,0.8333333333333334,1.0172749757766724,0.8666666666666667,0.0,"{""smape"": ""Zero-inflated target; interpret with rain occurrence and positive-only error.""}",0.1723667709993606,,
chronos_weather,subset=rain|364:target,subset=rain|364:target::origin=0,0,1974-07-27 00:00:00,deepar,0,2885226212,False,samples,0.17579160630702972,0.43857353925704956,1.9012969732284546,0.04438485950231552,1.6534663695254181,5.952478772604664,3.5999999046325684,0.8333333333333334,0.7879489064216614,0.8666666666666667,0.0,"{""smape"": ""Zero-inflated target; interpret with rain occurrence and positive-only error.""}",1.0604772810002032,,
external_national_illness,OT,OT::origin=0,0,2020-01-21 00:00:00,chronos_t5_tiny,0,372023628,False,chronos_samples,84257.1484375,112939.421875,0.05727706477046013,0.9758047461509705,0.04673153154260671,1700829.9803093958,36395768.0,,,0.0,0.0,,0.9563444109990087,,
external_national_illness,OT,OT::origin=0,0,2020-01-21 00:00:00,seasonal_naive,0,3165361988,False,degenerate,153627.328125,246659.078125,0.11638595908880234,1.779199481010437,0.10130452571359677,3687056.0152221024,36395768.0,,,0.0,0.0,"{""wql_distribution"": ""Repeated point forecasts form a degenerate distribution; calibration is not measured.""}",0.0004940420003549661,,
external_national_illness,OT,OT::origin=0,0,2020-01-21 00:00:00,ar_2,0,111376041,False,gaussian,68257.5234375,83249.7890625,0.046033021062612534,0.7905087471008301,0.038335379966174046,1395245.5954407183,36395768.0,,,0.0,0.0,,0.05851593399711419,,
external_national_illness,OT,OT::origin=0,0,2020-01-21 00:00:00,ma_2,0,3375715189,False,gaussian,854578.9375,863451.0625,0.7909345030784607,9.897109031677246,0.4206120570074913,15308498.844847428,36395768.0,,,0.0,0.0,,0.12403204099973664,,
external_national_illness,OT,OT::origin=0,0,2020-01-21 00:00:00,arma_2_2,0,2562321247,False,gaussian,97019.8359375,106806.5390625,0.06551199406385422,1.123612880706787,0.045468902816104544,1654875.6381094877,36395768.0,,,0.0,0.0,,0.6349440410012903,,
external_national_illness,OT,OT::origin=0,0,2020-01-21 00:00:00,arima_2_1_2,0,2784362378,False,gaussian,49285.046875,61576.046875,0.03275946155190468,0.5707834362983704,0.03340084563132974,1215649.4286016906,36395768.0,,,0.0,0.0,,0.28724073600096744,,
external_national_illness,OT,OT::origin=0,0,2020-01-21 00:00:00,auto_arima,0,2008663975,False,gaussian,74947.390625,95200.703125,0.0491260401904583,0.8679859042167664,0.04303755852125224,1566384.9952259196,36395768.0,,,0.0,0.0,,0.6199180219991831,,
external_national_illness,OT,OT::origin=0,0,2020-01-21 00:00:00,prophet,0,3162063843,False,samples,55268.89453125,71183.9375,0.03656989336013794,0.6400839686393738,0.02911342385902161,1059605.4204586153,36395768.0,,,0.0,0.0,,0.11960776499836356,,
external_national_illness,OT,OT::origin=0,0,2020-01-21 00:00:00,deepar,0,541056097,False,samples,165945.921875,176306.46875,0.114962138235569,1.92186439037323,0.08089172848769739,2944116.583157225,36395768.0,,,0.0,0.0,,0.9047493809994194,,
external_traffic,431,431::origin=0,0,2018-07-01 02:00:00,chronos_t5_tiny,0,1968596675,False,chronos_samples,0.005288207903504372,0.006548866629600525,0.1434284895658493,0.29266077280044556,0.10619569278217998,0.11171787366810637,1.0520000457763672,,,0.0,0.0,,0.9618893919978291,,
external_traffic,431,431::origin=0,0,2018-07-01 02:00:00,seasonal_naive,0,3170190643,False,degenerate,0.008458334021270275,0.011457093991339207,0.2260373830795288,0.468102365732193,0.19296577682233446,0.2030000060503681,1.0520000457763672,,,0.0,0.0,"{""wql_distribution"": ""Repeated point forecasts form a degenerate distribution; calibration is not measured.""}",0.0006488290018751286,,
external_traffic,431,431::origin=0,0,2018-07-01 02:00:00,ar_2,0,3516110194,False,gaussian,0.020580599084496498,0.02616325207054615,0.5024514198303223,1.1389745473861694,0.42202499312457314,0.443970312085822,1.0520000457763672,,,0.0,0.0,,2.0849622479981917,,
external_traffic,431,431::origin=0,0,2018-07-01 02:00:00,ma_2,0,1478347069,False,gaussian,0.02275913394987583,0.029397130012512207,0.5296749472618103,1.2595393657684326,0.4359484557196509,0.45861779537320935,1.0520000457763672,,,0.0,0.0,,8.351104733999819,,
external_traffic,431,431::origin=0,0,2018-07-01 02:00:00,arma_2_2,0,244384433,False,gaussian,0.024501821026206017,0.0313643217086792,0.5475316047668457,1.3559833765029907,0.47425720693702395,0.49891860340752126,1.0520000457763672,,,0.0,0.0,,12.047967054000765,,
external_traffic,431,431::origin=0,0,2018-07-01 02:00:00,arima_2_1_2,0,2869096901,False,gaussian,0.02097339928150177,0.025856679305434227,0.5091838836669922,1.1607129573822021,0.4199092933229546,0.4417445957976703,1.0520000457763672,,,0.0,0.0,,4.766683623998688,,
external_traffic,431,431::origin=0,0,2018-07-01 02:00:00,auto_arima,0,4225776616,False,gaussian,0.022036023437976837,0.028137264773249626,0.5204068422317505,1.219520926475525,0.44082327783622843,0.4637461084630005,1.0520000457763672,,,0.0,0.0,,18.578305495000677,,
external_traffic,431,431::origin=0,0,2018-07-01 02:00:00,prophet,0,2736715926,False,samples,0.028051452711224556,0.03533608093857765,0.8356598019599915,1.5524276494979858,0.4940329591444316,0.5197226956349762,1.0520000457763672,,,0.0,0.0,,2.0077171480006655,,
external_traffic,431,431::origin=0,0,2018-07-01 02:00:00,deepar,0,928423261,False,samples,0.0063481382094323635,0.007115756161510944,0.20714344084262848,0.3513196110725403,0.10684957409579728,0.11240575683996407,1.0520000457763672,,,0.0,0.0,,3.055717249000736,,
external_psm,feature_12,feature_12::origin=0,0,2000-04-01 01:00:00,chronos_t5_tiny,0,3816332723,False,chronos_samples,0.003477518679574132,0.004841080401092768,0.021037794649600983,0.7369101047515869,0.018677717680479915,0.07305406705399026,3.911295175552368,,,0.0,0.0,,1.0571266719998675,,
external_psm,feature_12,feature_12::origin=0,0,2000-04-01 01:00:00,seasonal_naive,0,2084732373,False,degenerate,0.003443259745836258,0.004260795656591654,0.02090959995985031,0.7296503782272339,0.021128099498775373,0.08263823363815052,3.911295175552368,,,0.0,0.0,"{""wql_distribution"": ""Repeated point forecasts form a degenerate distribution; calibration is not measured.""}",0.000718210001650732,,
external_psm,feature_12,feature_12::origin=0,0,2000-04-01 01:00:00,ar_2,0,1935466658,False,gaussian,0.0033037576358765364,0.004087148234248161,0.020235411822795868,0.7000889182090759,0.018578367538623294,0.07266547932345602,3.911295175552368,,,0.0,0.0,,0.16169527899910463,,
external_psm,feature_12,feature_12::origin=0,0,2000-04-01 01:00:00,ma_2,0,3574488415,False,gaussian,0.0032900646328926086,0.00409911060705781,0.02014927566051483,0.6971873044967651,0.01773901435800821,0.06938252127753171,3.911295175552368,,,0.0,0.0,,0.7089387609994446,,
external_psm,feature_12,feature_12::origin=0,0,2000-04-01 01:00:00,arma_2_2,0,1697367144,False,gaussian,0.003307872684672475,0.004085867665708065,0.020260727033019066,0.7009609341621399,0.01849302828154943,0.07233169229897779,3.911295175552368,,,0.0,0.0,,0.7371609740002896,,
external_psm,feature_12,feature_12::origin=0,0,2000-04-01 01:00:00,arima_2_1_2,0,2914204991,False,gaussian,0.0033424459397792816,0.004121472127735615,0.020472628995776176,0.708287239074707,0.022330705459124595,0.08734198052895496,3.911295175552368,,,0.0,0.0,,0.2233008190014516,,
external_psm,feature_12,feature_12::origin=0,0,2000-04-01 01:00:00,auto_arima,0,2219780096,False,gaussian,0.0035956427454948425,0.004296676255762577,0.022019101306796074,0.7619413733482361,0.017636032551705278,0.06897972903536938,3.911295175552368,,,0.0,0.0,,4.172443835999729,,
external_psm,feature_12,feature_12::origin=0,0,2000-04-01 01:00:00,prophet,0,3431224901,False,samples,0.005727785173803568,0.0063585201278328896,0.03583116829395294,1.213757038116455,0.025863939875598704,0.10116150325620572,3.911295175552368,,,0.0,0.0,,0.31398062099833624,,
external_psm,feature_12,feature_12::origin=0,0,2000-04-01 01:00:00,deepar,0,2880031406,False,samples,0.003990902099758387,0.005070908460766077,0.024384774267673492,0.8456995487213135,0.03356628414682088,0.13128764524468042,3.911295175552368,,,0.0,0.0,,1.180483844000264,,
