source_run,dataset,model,mae,rmse,smape,mase,rain_occurrence_error,positive_mae,wql,wql_macro,wql_median,successful_runs,failed_runs,diagnostic_model,evaluated_tasks,successful_tasks,failed_tasks,total_duration_seconds
heavier_chronos,chronos_car_parts,chronos_t5_small,0.4404855199964144,0.7074992313545245,1.141092840830485,0.7156193944114542,0.2861111111111111,1.3175516843154866,1.0181594118758612,1.2600531788625162,1.000000007546101,120,0,False,40,40,0,34.91353830098888
heavier_chronos,chronos_car_parts,chronos_t5_mini,0.4659503043503858,0.7479498959641951,1.1321634521087012,0.7312892264226535,0.2854166666666666,1.3104810179561697,1.0437788814236473,1.2992212415881197,1.0000000433841096,120,0,False,40,40,0,26.851605395029765
heavier_chronos,chronos_car_parts,chronos_t5_large,0.4737959734659689,0.7353875395716526,1.0947997639576594,0.745802139791482,0.2972222222222222,1.1963952315110031,1.064514550722962,1.3281344841290317,1.0061728490792494,120,0,False,40,40,0,91.78626214100586
heavier_chronos,chronos_car_parts,chronos_t5_base,0.5099133088748949,0.7812721207302111,1.1060958430171013,0.7626859850149047,0.29375,1.268904907408581,1.1357426336034426,1.423915363524097,1.0000000433841096,120,0,False,40,40,0,53.59043455599749
heavier_chronos,chronos_m1_yearly,chronos_t5_small,355925.13280373416,420575.15562197234,0.2807692767224378,3.5964360083680136,,,0.1175257143054746,0.213023067817481,0.1391481379171455,180,0,False,60,60,0,19.733086268985065
heavier_chronos,chronos_m1_yearly,chronos_t5_mini,356774.03104224004,423141.484745378,0.2710981122942434,3.687533952294877,,,0.1194028945652665,0.209801905135005,0.1811257467008115,180,0,False,60,60,0,18.13801812996462
heavier_chronos,chronos_m1_yearly,chronos_t5_large,359199.9202002446,424820.5890420391,0.2717066855273313,3.4174582819466037,,,0.1190727241847799,0.2082511630178806,0.133877069077149,180,0,False,60,60,0,512.6708562660388
heavier_chronos,chronos_m1_yearly,chronos_t5_base,360948.6960639636,427426.5942412138,0.2703154251755525,3.4440466096999054,,,0.1181821904711925,0.2061442084193658,0.1363238066441303,180,0,False,60,60,0,135.80936341099004
heavier_chronos,chronos_m3_quarterly,chronos_t5_base,540.1226147121853,631.3831329345703,0.120091548975971,1.2260813654177636,,,0.0867601495863699,0.0959369555002089,0.071818924958996,180,0,False,60,60,0,60.85561174302347
heavier_chronos,chronos_m3_quarterly,chronos_t5_large,542.7467524210612,638.9923098034329,0.1196762255186008,1.2049642216315084,,,0.0877031121735897,0.0961817371962582,0.0684428408506294,180,0,False,60,60,0,99.16575498400198
heavier_chronos,chronos_m3_quarterly,chronos_t5_small,572.0112355550131,670.0562856038412,0.1287269908210469,1.306179755155975,,,0.0921444088884314,0.1020333322911913,0.0755325354259068,180,0,False,60,60,0,37.29217930199593
heavier_chronos,chronos_m3_quarterly,chronos_t5_mini,578.6804321289062,675.2971722073025,0.1309213178439272,1.3588949860514017,,,0.092453530543823,0.102821560069523,0.080904074856614,180,0,False,60,60,0,30.190357318006136
heavier_chronos,chronos_m4_hourly,chronos_t5_large,122.2493707375601,161.49102098778303,0.0657168976108854,0.5240041274003964,,,0.0267682965521864,0.0535282486122394,0.0173973373277268,180,0,False,60,60,0,5193.760039480974
heavier_chronos,chronos_m4_hourly,chronos_t5_base,124.02260016474044,162.1298516858783,0.0670650979465184,0.5430985823643637,,,0.0281643422583052,0.0542600363926934,0.0167607536037549,180,0,False,60,60,0,277.6144831970014
heavier_chronos,chronos_m4_hourly,chronos_t5_small,141.3829479019675,180.06275926255103,0.0691401778125307,0.6092493393971843,,,0.0308070241641743,0.0554560106573715,0.0185751347280506,180,0,False,60,60,0,168.5787584979953
heavier_chronos,chronos_m4_hourly,chronos_t5_mini,142.5281363832454,188.60148504144613,0.0775716088932111,0.7269925929573264,,,0.0310575568419285,0.063584082645073,0.0208256522816817,180,0,False,60,60,0,133.0464556129882
heavier_chronos,chronos_nn5_weekly,chronos_t5_large,15.825865523020427,20.01814121670193,0.1163257812460263,0.8857014458906262,,,0.0905053798086879,0.0937194794804618,0.0910597394521087,180,0,False,60,60,0,98.47198764501807
heavier_chronos,chronos_nn5_weekly,chronos_t5_base,16.39368464152018,20.629129648208615,0.1194298848302828,0.9069557637796872,,,0.093767668628226,0.0961645501417515,0.092704403564899,180,0,False,60,60,0,56.05677579100666
heavier_chronos,chronos_nn5_weekly,chronos_t5_small,16.62807437049018,20.995858091778224,0.1200638919654819,0.923342904705678,,,0.0954088218434671,0.0967717233528723,0.0940287279475252,180,0,False,60,60,0,35.974385665958835
heavier_chronos,chronos_nn5_weekly,chronos_t5_mini,16.82864562140571,21.18681859175364,0.1218000472833713,0.9308073291653668,,,0.096497705374342,0.0980261927861272,0.0934478480088727,180,0,False,60,60,0,28.01212195797052
heavier_chronos,chronos_weather,chronos_t5_base,1.376165931397099,2.9314701329859614,1.80951254301601,0.4276468257396025,0.2537037037037037,3.76890465595584,0.90946840667313,0.9488975850273044,0.9712030142038788,180,0,False,60,60,0,204.5834067300057
heavier_chronos,chronos_weather,chronos_t5_large,1.376696953151046,2.9303876868081606,1.8104596694310504,0.4275272302927051,0.2553703703703703,3.767140116596568,0.904320785747912,0.9470841384071828,0.9595688277039884,180,0,False,60,60,0,3386.9935972799976
heavier_chronos,chronos_weather,chronos_t5_small,1.3823977860875447,2.9468976343200457,1.836871651146147,0.4289295725278437,0.2831481481481481,3.798799635059592,0.9314745846896862,0.9572466741171194,0.9764482703175008,180,0,False,60,60,0,122.6425003459808
heavier_chronos,chronos_weather,chronos_t5_mini,1.3824921968646369,2.9471610305566776,1.8401260733604432,0.4291966145976138,0.2844444444444444,3.8013342975274376,0.9394411385717848,0.9613804878081632,0.9745809211960804,180,0,False,60,60,0,92.19227011202749
heavier_chronos,external_national_illness,chronos_t5_mini,208739.8133680556,269154.3498263889,0.1820735211173693,2.4313042760814465,,,0.1368853661217003,0.1427529760144391,0.1516158666971127,9,0,False,3,3,0,3.9740511310046713
heavier_chronos,external_national_illness,chronos_t5_small,266038.8602430556,316611.81163194444,0.2449715683857599,3.063154492626908,,,0.1800060891142149,0.1884022587143196,0.1442426152975324,9,0,False,3,3,0,4.44509911399291
heavier_chronos,external_national_illness,chronos_t5_large,269527.1223958333,319920.28515625,0.2508134465250704,3.118327802321679,,,0.1782208102796857,0.187194771083137,0.1518145300126754,9,0,False,3,3,0,137.48377305600297
heavier_chronos,external_national_illness,chronos_t5_base,272036.9670138889,322399.58940972225,0.2558556526071495,3.146046075164809,,,0.1864150060566144,0.1958618373975355,0.1506818203797177,9,0,False,3,3,0,8.041430895998928
heavier_chronos,external_psm,chronos_t5_small,0.0144555379429625,0.0194882642632971,0.0432340213201112,0.5101282500027922,,,0.0270133842820148,0.0342435417305969,0.0197284188726633,45,0,False,15,15,0,29.33377434601061
heavier_chronos,external_psm,chronos_t5_base,0.0147408357666184,0.0197441450061483,0.0454049990201989,0.5190037510779797,,,0.0280264678084984,0.0367268588375427,0.0205283392665534,45,0,False,15,15,0,45.91709615500076
heavier_chronos,external_psm,chronos_t5_large,0.0148460233014904,0.0198360461017323,0.0448823988644613,0.5147598812415395,,,0.0280291308090393,0.0360042416647544,0.0218815822713662,45,0,False,15,15,0,702.693389187014
heavier_chronos,external_psm,chronos_t5_mini,0.015231057582423,0.0201835123563392,0.045684657121698,0.537184414365351,,,0.0283726713284492,0.0363020186946978,0.0194654359795116,45,0,False,15,15,0,22.13406783798928
heavier_chronos,external_traffic,chronos_t5_base,0.0055511153484177,0.0070630941540002,0.1700436249375343,0.4909712542719763,,,0.1479493845286522,0.1798636593025536,0.1226368669677604,45,0,False,15,15,0,49.42474329701509
heavier_chronos,external_traffic,chronos_t5_small,0.0055820947409503,0.0070930754196726,0.1735464869274033,0.5096461571384663,,,0.1461655479274692,0.1761473709417688,0.0910423481721765,45,0,False,15,15,0,28.81261745498341
heavier_chronos,external_traffic,chronos_t5_large,0.0055920660728588,0.0070915494993742,0.1698213330573506,0.4745981179934327,,,0.1486345620684247,0.1791306533599592,0.1112577633936426,45,0,False,15,15,0,696.0629017129977
heavier_chronos,external_traffic,chronos_t5_mini,0.0059094336452997,0.0075663829843203,0.1764499949084388,0.540868033441369,,,0.1531592683559313,0.1850142214557563,0.1184835693359102,45,0,False,15,15,0,21.340634906006017
heavier_chronos,official_bls_macro,chronos_t5_mini,137.65550424353708,144.3104662951969,0.0155313725228465,0.285958763579564,,,0.0020750258020219,0.0124159557228512,0.0046003045642572,21,0,False,7,7,0,3.209728602989344
heavier_chronos,official_bls_macro,chronos_t5_small,254.9410936012864,293.20450147454227,0.0197214375116995,0.3218857610619446,,,0.0030187718564224,0.0146327821764036,0.0043960335604438,21,0,False,7,7,0,3.769496406028338
heavier_chronos,official_bls_macro,chronos_t5_large,369.58952690944784,389.00716882731234,0.0160750802938959,0.2817864722221412,,,0.0041507648222899,0.011677300718918,0.0077003411766547,21,0,False,7,7,0,10.734032499996829
heavier_chronos,official_bls_macro,chronos_t5_base,401.4500579156336,423.8508486570347,0.0155552837532013,0.2740949072842724,,,0.0046649226960626,0.0117260195232366,0.008343870821649,21,0,False,7,7,0,6.099561379000079
heavier_chronos,official_elexon_demand,chronos_t5_large,25175.16015625,30731.994574652777,0.0472533673875861,0.5810172387284133,,,0.0361973716641553,0.0362216822735279,0.0354561124773708,9,0,False,3,3,0,153.69013036700562
heavier_chronos,official_elexon_demand,chronos_t5_base,26336.75716145833,32173.574652777777,0.0492687974539068,0.6083020727761108,,,0.038280871529831,0.0383231324858419,0.037026487379679,9,0,False,3,3,0,10.77388384599908
heavier_chronos,official_elexon_demand,chronos_t5_small,27269.739800347223,33176.75824652778,0.0512653026315901,0.6283474139720818,,,0.0393645464403675,0.0393746541221414,0.0401089393191673,9,0,False,3,3,0,6.160788240009424
heavier_chronos,official_elexon_demand,chronos_t5_mini,27482.829210069445,34049.331380208336,0.0519178923633363,0.6329106879855896,,,0.0397119812042128,0.0396896543884111,0.0392580708539536,9,0,False,3,3,0,5.228757227992901
heavier_chronos,official_usgs_streamflow,chronos_t5_large,1620.9837427383814,2412.8047824761807,0.3264598065557388,1.103921345683682,,,0.2681502849438157,0.3015257001290943,0.2119086326023178,39,0,False,13,13,0,748.9783835750059
heavier_chronos,official_usgs_streamflow,chronos_t5_base,1638.8387771019568,2433.3640573941743,0.3326919730275105,1.1105852472172928,,,0.2755950466725394,0.3148042225006885,0.2197473215890069,39,0,False,13,13,0,53.08844864300045
heavier_chronos,official_usgs_streamflow,chronos_t5_mini,1671.7129213382036,2476.38085047404,0.3413576781749725,1.130449702793073,,,0.2832204505933457,0.3236212472530367,0.2217462194430079,39,0,False,13,13,0,28.946663316015474
heavier_chronos,official_usgs_streamflow,chronos_t5_small,1696.0647335541555,2476.553309513972,0.3503731203575929,1.1293607689737404,,,0.2783229030158438,0.3224139374657249,0.2151162217066299,39,0,False,13,13,0,32.08386836099089
external_keyless,external_national_illness,timesfm_2_5_200m,109396.62630208331,136067.23307291666,0.0897395610809326,1.3260699760556278,,,0.0688380752186663,0.0710572492581117,0.0376543384510538,3,0,False,3,3,0,5.163080266998804
external_keyless,external_national_illness,prophet,144523.40147569444,202429.08072916663,0.118688232368893,1.7370427030514757,,,0.0929818464283147,0.0969226240469351,0.0887501276208694,9,0,False,3,3,0,0.921958345999883
external_keyless,external_national_illness,deepar,176420.75868055556,225950.72829861112,0.144136880007055,2.056691281690245,,,0.1132798983316678,0.1164165106591428,0.1163001167247885,9,0,False,3,3,0,77.27153905800515
external_keyless,external_national_illness,seasonal_naive,220093.4270833333,264942.4947916667,0.1821963613231977,2.582989820181824,,,0.1620985535631738,0.1660037952544675,0.1647161289771455,3,0,False,3,3,0,0.0044946420002816
external_keyless,external_national_illness,arima_2_1_2,225769.7903645833,282637.8528645833,0.1953721903264522,2.6399215741110087,,,0.1457976911598718,0.1523634836209994,0.1521784561301533,3,0,False,3,3,0,0.5827657369991357
external_keyless,external_national_illness,chronos_t5_tiny,231896.0008680556,290357.7352430556,0.2045041355821821,2.681797359132084,,,0.150255287580899,0.1566323498233278,0.1467591258585125,9,0,False,3,3,0,14.386210211001526
external_keyless,external_national_illness,moirai_2_0_small,265892.3463541667,328920.125,0.2355346356829007,3.0541115425355474,,,0.170370269425845,0.176658544470856,0.1554890458750113,3,0,False,3,3,0,2.4153999549980654
external_keyless,external_national_illness,auto_arima,268188.421875,327859.765625,0.2387836178143819,3.100643041314596,,,0.1701983485522072,0.1775867314931202,0.1549189418799098,3,0,False,3,3,0,1.033523265999975
external_keyless,external_psm,chronos_t5_tiny,0.0151784400041732,0.0200761357684516,0.0445994542083806,0.5333236808599275,,,0.0276757503135938,0.0352121179346551,0.0195418353569059,45,0,False,15,15,0,51.04428601601467
external_keyless,external_psm,moirai_2_0_small,0.0156117729532221,0.0206466380972415,0.0475553626194596,0.5606208776984137,,,0.028091182244505,0.0367840593693127,0.0189355672069942,15,0,False,15,15,0,0.2489882360059709
external_keyless,external_psm,timesfm_2_5_200m,0.0157196827077617,0.0212181918943921,0.0474320949365695,0.5418184545329808,,,0.0284423275420871,0.0369221479918131,0.0215880566663044,15,0,False,15,15,0,6.864030668999476
external_keyless,external_psm,arima_2_1_2,0.0232522256361941,0.0294524651952087,0.0650912417719761,0.7757893249122632,,,0.0501432955677816,0.058833489951035,0.0607585735747207,15,0,False,15,15,0,1.6994599610006844
external_keyless,external_psm,seasonal_naive,0.0244502235359201,0.0292173032648861,0.0593786346415678,0.8005574990730545,,,0.0552728473480421,0.0585615834929398,0.02924975498529,15,0,False,15,15,0,0.0090005460006068
external_keyless,external_psm,auto_arima,0.026754814852029,0.0335662310322125,0.069119132310152,0.922063083247392,,,0.0493774115371161,0.0560127609757226,0.0602601301958814,15,0,False,15,15,0,14.46890612099378
external_keyless,external_psm,deepar,0.0397198602143261,0.0442692912908064,0.09461075377961,1.3773169680789132,,,0.0770538387604879,0.0839221794843321,0.0576758262802622,45,0,False,15,15,0,548.7939184749921
external_keyless,external_psm,prophet,0.0549738733201391,0.061552619592597,0.1430318721673555,1.5785959958277516,,,0.1056269661615122,0.1073870864976225,0.1017957950983563,45,0,False,15,15,0,4.887133254989749
external_keyless,external_traffic,moirai_2_0_small,0.0054722134644786,0.0067328286745275,0.222550380975008,0.4760008806385096,,,0.1435671852910641,0.1705650482426782,0.0751252289997129,15,0,False,15,15,0,0.2529911420024291
external_keyless,external_traffic,chronos_t5_tiny,0.0056835932864083,0.0072706940454534,0.1750990374220742,0.4945409787820721,,,0.1501442022526198,0.1815245898235994,0.1046678808625719,45,0,False,15,15,0,49.37377345100504
external_keyless,external_traffic,seasonal_naive,0.0061858334656183,0.0079965489450842,0.1913954938451449,0.5317527419949131,,,0.1896702970208418,0.2196860087512351,0.1357142780196318,15,0,False,15,15,0,0.0092200010094529
external_keyless,external_traffic,timesfm_2_5_200m,0.0063913294579833,0.0082487384633471,0.222476855913798,0.529272999155613,,,0.1632813446151362,0.1946416523246387,0.1149607416333525,15,0,False,15,15,0,6.87424698999348
external_keyless,external_traffic,deepar,0.0085331112042897,0.0109167429411576,0.2616247879134284,0.7328979839815615,,,0.2367881571179026,0.2478436115462248,0.1834310121126921,45,0,False,15,15,0,518.6162265480107
external_keyless,external_traffic,auto_arima,0.0156756157055497,0.0184989619379242,0.5336576094230016,1.162584001372431,,,0.4529261078334011,0.531053253521719,0.2859374287904134,15,0,False,15,15,0,15.63274497600105
external_keyless,external_traffic,prophet,0.0199815430316246,0.0244681217190292,0.7583238714271121,1.3385087009578422,,,0.4819814514747396,0.5903948980215605,0.2639977810644844,45,0,False,15,15,0,3.5843497850200947
external_keyless,external_traffic,arima_2_1_2,0.0240624627098441,0.0282048781712849,1.050920025507609,2.721257741830162,,,0.6392178406646243,0.7384405644617467,0.7301727531067075,15,0,False,15,15,0,2.3133194180063583
external_keyless,official_bls_macro,timesfm_2_5_200m,66.45523363777569,77.53160007085118,0.0170087467662857,0.1741855806949248,,,0.0010807177928089,0.0123621296540774,0.0027121886939632,7,0,False,7,7,0,3.229524250004033
external_keyless,official_bls_macro,auto_arima,75.96405863016844,80.88381704688072,0.01458260727564,0.1607218859259336,,,0.0042784597172171,0.0259216414619779,0.0043830838077752,7,0,False,7,7,0,3.0989706949985703
external_keyless,official_bls_macro,arima_2_1_2,79.66158849533115,84.55048323529107,0.0125049276518568,0.1579661165910083,,,0.0042446548391553,0.0260559142894669,0.004357538399309,7,0,False,7,7,0,0.3756076389981899
external_keyless,official_bls_macro,chronos_t5_tiny,151.32896811124823,164.4516883045435,0.0182758918298142,0.2671304229215536,,,0.0025216392819664,0.0131317790188856,0.004079903093326,21,0,False,7,7,0,6.429055734999565
external_keyless,official_bls_macro,moirai_2_0_small,193.0637744899307,198.79517241248064,0.0162675905906196,0.222089212789573,,,0.0023406261061631,0.0124387718573136,0.0033432403747023,7,0,False,7,7,0,0.084714802000235
external_keyless,official_bls_macro,seasonal_naive,236.6457365251013,245.4033781034606,0.0219998038540195,0.5025946893228144,,,0.0034775935113874,0.0215775164219821,0.0247878762270298,7,0,False,7,7,0,0.0068381350065465
external_keyless,official_bls_macro,deepar,460.7336640485696,465.232955823342,0.0326837756271873,0.3349468799747636,,,0.0048504668824648,0.0263581990621502,0.0057909754027237,21,0,False,7,7,0,154.64196525799343
external_keyless,official_bls_macro,prophet,910.5819068033072,941.5176009237766,0.0250381151480334,0.4554156992746653,,,0.0097522806087639,0.0318250206676807,0.0117948933468042,21,0,False,7,7,0,1.9090192549956555
external_keyless,official_elexon_demand,timesfm_2_5_200m,25479.119791666668,30922.500651041668,0.047860628614823,0.5859049328147553,,,0.036875787712293,0.0368420828850989,0.0351729286898774,3,0,False,3,3,0,1.5090245030005462
external_keyless,official_elexon_demand,moirai_2_0_small,26346.018229166668,32446.69466145833,0.0492903230090936,0.605124139602866,,,0.0381160086520106,0.0380727058032816,0.0369548755386529,3,0,False,3,3,0,0.0541122600006929
external_keyless,official_elexon_demand,chronos_t5_tiny,30666.065538194445,37367.32204861111,0.0577689392699135,0.7023944267065123,,,0.044389296573087,0.0443192413829353,0.0404294961397985,9,0,False,3,3,0,11.886465561990915
external_keyless,official_elexon_demand,seasonal_naive,34517.466796875,44237.20572916666,0.0638096593320369,0.7960409356668589,,,0.0644778280981723,0.0644981515476366,0.0671282796648721,3,0,False,3,3,0,0.0042059659972437
external_keyless,official_elexon_demand,deepar,39770.973307291664,47435.3828125,0.0757020637392997,0.9185282926176164,,,0.0596492634838655,0.059594225477625,0.0512162117570915,9,0,False,3,3,0,111.63786045000596
external_keyless,official_elexon_demand,arima_2_1_2,40633.875,48519.58072916666,0.0765977576375007,0.9369844522683826,,,0.0590287882607491,0.0590527410227656,0.058967636010905,3,0,False,3,3,0,0.4627837819971319
external_keyless,official_elexon_demand,auto_arima,40823.555989583336,48768.83072916666,0.0769606654842694,0.9413617853287568,,,0.0589693625783655,0.0589989781117153,0.0584571268645927,3,0,False,3,3,0,1.48736443999951
external_keyless,official_elexon_demand,prophet,59688.16189236111,67009.55164930556,0.1177588378389676,1.3913569856426369,,,0.0880524322668491,0.0882627429252762,0.0952531233053797,9,0,False,3,3,0,0.7591219899950374
external_keyless,official_usgs_streamflow,timesfm_2_5_200m,1482.40090913039,2288.642434046819,0.3205857299841367,1.128831173634505,,,0.2601051632904734,0.2957121856860222,0.221945010233492,13,0,False,13,13,0,6.184217894002359
external_keyless,official_usgs_streamflow,moirai_2_0_small,1722.1587999784028,2537.578521728516,0.3173247224722917,1.0884068169177117,,,0.2955515542806355,0.3083124072162997,0.2318028434468594,13,0,False,13,13,0,0.2415064620108751
external_keyless,official_usgs_streamflow,chronos_t5_tiny,1835.6538478166628,2658.06284175775,0.3580049027044039,1.154348704570139,,,0.3038554510221314,0.3461012905438775,0.2193062355571989,39,0,False,13,13,0,55.02476569398641
external_keyless,official_usgs_streamflow,auto_arima,2240.264759944036,2800.916189340445,0.3938308713527826,1.146257528634726,,,0.722064713499363,0.7546287672586716,0.8338335066938233,13,0,False,13,13,0,6.593020755000907
external_keyless,official_usgs_streamflow,deepar,2327.207629961845,3205.5081148392114,0.4155104506092194,1.2357728441763025,,,0.4071532007523529,0.4800189669435354,0.2576967575359963,39,0,False,13,13,0,488.8433869899964
external_keyless,official_usgs_streamflow,arima_2_1_2,2438.859977428729,3125.0008453956016,0.3839576252951072,1.1621166086340458,,,0.6369930304638102,0.7341931548572292,0.7960471560016423,13,0,False,13,13,0,1.332765366001695
external_keyless,official_usgs_streamflow,seasonal_naive,4882.870468139648,6595.453228290265,0.6607804046227381,1.9258438590559976,,,0.9391897705450574,1.2435962097036333,0.4736494317021399,13,0,False,13,13,0,0.0091954569907102
external_keyless,official_usgs_streamflow,prophet,5656.87554481702,6175.667157882299,0.6676262494367666,1.3220307034347858,,,0.8238449777614375,0.7603230258766898,0.8003340634548929,39,0,False,13,13,0,4.013768205993983
keyless,chronos_car_parts,moirai_2_0_small,0.3860861352324718,0.6353176173142856,1.8278506353497503,0.6904499384193439,0.7354166666666667,1.3685158942976303,0.932476161130848,1.0773181807842451,1.0014481498959875,40,0,False,40,40,0,0.4704621609980677
keyless,chronos_car_parts,timesfm_2_5_200m,0.4137448743324057,0.6445732874752139,1.4827000621706248,0.7042759750599397,0.6354166666666667,1.2852573317866172,0.9631729571074986,1.1488705092461875,0.9964087199751456,40,0,False,40,40,0,8.622138738998729
keyless,chronos_car_parts,chronos_t5_tiny,0.4693178713506756,0.7428968769372799,1.1373778780301411,0.7366753897053607,0.3006944444444445,1.309461177677237,1.0439728279617326,1.2632972077587723,1.000001516045477,120,0,False,40,40,0,24.754292316007195
keyless,chronos_car_parts,deepar,0.5174827138180628,0.7898542366075263,1.7513274026935202,0.7638089341295874,0.5375,1.4709435755847602,1.3483566020706368,1.3500933684809215,1.0014253401089406,120,0,False,40,40,0,793.4885758559876
keyless,chronos_car_parts,arima_2_1_2,0.5383820969727822,0.710402637720108,1.704496992751956,0.9440384656201454,0.7166666666666667,1.2046955910421189,1.1728076529846418,1.5282303852590378,1.2658446446822476,40,0,False,40,40,0,0.9931107329985024
keyless,chronos_car_parts,auto_arima,0.6325409846147523,0.802343744947575,1.6880447592586278,1.0628285224199072,0.74375,1.2397108907180447,1.3815894427046762,2.5599448473683872,1.2269672736602162,40,0,False,40,40,0,6.802680536002299
keyless,chronos_car_parts,seasonal_naive,0.6437500039115548,1.0662909984588622,0.6734523929655551,1.1530389869877908,0.31875,1.446889398559447,1.744047617125842,2.14606862382136,1.727272723208774,40,0,False,40,40,0,0.0279500630031179
keyless,chronos_car_parts,prophet,1.3485629595195254,1.696550949662924,1.7456642138461271,2.2597998628897344,0.5180555555555555,1.812073190846751,3.0307494781536968,4.460948456378007,3.020093829185416,120,0,False,40,40,0,14.377565817002504
keyless,chronos_m1_yearly,deepar,266028.0850106279,289227.21358639,0.3022565245628357,4.971618514363939,,,0.0855264917100934,0.3232096383721439,0.2007881600604531,180,0,False,60,60,0,638.5113117470023
keyless,chronos_m1_yearly,arima_2_1_2,266771.87085392873,312640.1730043749,0.2287761784313867,3.2620834230774736,,,0.0826847990686449,0.2210237638285112,0.1295923377390022,60,0,False,60,60,0,1.6906235820015354
keyless,chronos_m1_yearly,chronos_t5_tiny,279319.9757156319,338915.60465351015,0.2460343144937521,3.252215949133584,,,0.0944344549909874,0.1930720601099036,0.1408581683997323,180,0,False,60,60,0,15.959579508001298
keyless,chronos_m1_yearly,prophet,300841.3989056508,336622.62707516487,0.2373376733933886,3.184079841542046,,,0.1043665360762343,0.2083985087817756,0.1502291978809507,180,0,False,60,60,0,16.204598841999086
keyless,chronos_m1_yearly,timesfm_2_5_200m,316940.93052696984,369835.82887251774,0.2461299946997314,3.128922193404199,,,0.1056783510755689,0.1817583971119856,0.1171509460412277,60,0,False,60,60,0,10.508781777999502
keyless,chronos_m1_yearly,auto_arima,352893.12252292834,419984.596800826,0.2153149326797575,2.830153036654564,,,0.107402170059862,0.1649503045604404,0.1189211500499535,60,0,False,60,60,0,9.025120259999312
keyless,chronos_m1_yearly,seasonal_naive,361958.8687311927,434453.29560481705,0.2402330044656992,3.417167364531551,,,0.1475166868829862,0.2395193167848467,0.1690468065084192,60,0,False,60,60,0,0.0329059000005145
keyless,chronos_m1_yearly,moirai_2_0_small,379299.06303259137,437484.2777221123,0.2512421795787911,3.507150059754514,,,0.121565395888851,0.1895941971860871,0.1585084354526701,60,0,False,60,60,0,1.341356122000434
keyless,chronos_m3_quarterly,timesfm_2_5_200m,477.211984761556,566.6637479146322,0.1082743374786029,1.1451755285515666,,,0.0776161617328404,0.0834077180107411,0.0605396997598889,60,0,False,60,60,0,11.916417833006562
keyless,chronos_m3_quarterly,auto_arima,545.4391525268554,641.7550674438477,0.1192642107450713,1.2778454279984104,,,0.0846425121313598,0.0923429697743047,0.072259895552429,60,0,False,60,60,0,11.645594778998202
keyless,chronos_m3_quarterly,arima_2_1_2,549.3618591308593,643.2568556467692,0.124026291212067,1.3238266580212554,,,0.0855852087606325,0.0928978307945247,0.0701710488106307,60,0,False,60,60,0,2.1898500250035795
keyless,chronos_m3_quarterly,seasonal_naive,567.9955205281575,650.2966672261556,0.1256532019625107,1.328960953824999,,,0.1120572713275886,0.1213965988326717,0.0890214220340864,60,0,False,60,60,0,0.0357780060012373
keyless,chronos_m3_quarterly,chronos_t5_tiny,590.42601691352,695.3438209533691,0.1324396195924944,1.370856381889158,,,0.0942325162593105,0.1041753332025073,0.0891689104770674,180,0,False,60,60,0,23.81168007800079
keyless,chronos_m3_quarterly,moirai_2_0_small,630.7069096883138,732.2764611562093,0.1417862666305154,1.5152297985837977,,,0.0980671249609534,0.1045136882835082,0.0819881564436111,60,0,False,60,60,0,0.6774999549998029
keyless,chronos_m3_quarterly,prophet,667.7395482381185,765.4105728573269,0.1499454280154572,1.469029717344548,,,0.113530156627776,0.1220462074830852,0.081517125047078,180,0,False,60,60,0,27.09251938199577
keyless,chronos_m3_quarterly,deepar,804.8401309543186,879.6299735599094,0.1628892783282531,1.866470192841729,,,0.1458350989763885,0.1512287771353893,0.1027325923044536,180,0,False,60,60,0,1013.078858600009
keyless,chronos_m4_hourly,moirai_2_0_small,149.74746168678004,195.74912124574183,0.0791893031370515,0.8169763034582042,,,0.032362870236652,0.0602450229620642,0.0259438868328998,60,0,False,60,60,0,0.7734652719973383
keyless,chronos_m4_hourly,chronos_t5_tiny,165.598471062796,222.79332238655124,0.0924172799866129,0.9405310217663928,,,0.0366543544924323,0.0729142924165682,0.0360512954329591,180,0,False,60,60,0,234.6002602029971
keyless,chronos_m4_hourly,timesfm_2_5_200m,169.78010635084163,216.64909267897409,0.0814202537216867,0.7856362551090169,,,0.0361025283101349,0.0600074741479858,0.0303822515415456,60,0,False,60,60,0,13.444693014001132
keyless,chronos_m4_hourly,prophet,197.8757344124218,255.36728828979864,0.1733570247914435,2.036766923719205,,,0.0455143290651658,0.1061522219189909,0.0556343050669451,180,0,False,60,60,0,14.933768017001055
keyless,chronos_m4_hourly,seasonal_naive,215.99680364467204,319.6368232284983,0.1312859970843419,1.5124195926613486,,,0.0599869048491078,0.1229814916661729,0.0691227615264948,60,0,False,60,60,0,0.0361543789995266
keyless,chronos_m4_hourly,deepar,400.3754675193793,463.1393676514427,0.1713506302434123,2.270788356921854,,,0.0996648635373087,0.1469631438335673,0.0741412689498703,180,0,False,60,60,0,1864.368415914002
keyless,chronos_m4_hourly,auto_arima,533.3783705751101,635.7026119768619,0.2604951774080594,6.520796920132079,,,0.1136272104958404,0.1824890342128204,0.1094313385689457,60,0,False,60,60,0,37.55943457199601
keyless,chronos_m4_hourly,arima_2_1_2,574.6684299488862,693.6961319307486,0.3143190627917647,5.893282578061503,,,0.1345217495333914,0.229597505092113,0.0955930922692049,60,0,False,60,60,0,8.475039478005328
keyless,chronos_nn5_weekly,timesfm_2_5_200m,14.925126616160076,19.15239598751068,0.1096859756857156,0.8309268679316572,,,0.0839664018975814,0.0867442149446754,0.0831126014196958,60,0,False,60,60,0,14.497130737001498
keyless,chronos_nn5_weekly,deepar,16.595811030599805,20.77444968753391,0.1201005523403485,0.9205125717937191,,,0.0971380508420994,0.0996187061971409,0.0896912956514106,180,0,False,60,60,0,1258.0120259860032
keyless,chronos_nn5_weekly,chronos_t5_tiny,16.94124541282654,21.43285676903195,0.1225602785332335,0.934409320232202,,,0.0977427953888337,0.0987445473044211,0.0938071038730212,180,0,False,60,60,0,34.88741529599065
keyless,chronos_nn5_weekly,prophet,17.377425967322456,21.75710220336914,0.1241468909093075,0.9755348400900868,,,0.0982522693515942,0.100101377068405,0.0852136414259843,180,0,False,60,60,0,20.51508713698422
keyless,chronos_nn5_weekly,auto_arima,17.43109712600708,21.636855419476827,0.1252206516141693,0.9622374047002245,,,0.0978449084086285,0.0991618084666627,0.093319502110931,60,0,False,60,60,0,17.23948763899716
keyless,chronos_nn5_weekly,moirai_2_0_small,17.469875876108805,21.757319966952007,0.1243005334089199,0.9439981486633588,,,0.0976372768276061,0.0971808732720009,0.0920061823823751,60,0,False,60,60,0,0.7988914460074739
keyless,chronos_nn5_weekly,arima_2_1_2,17.660052585601807,21.983840187390644,0.1267090729748209,0.9691885350722366,,,0.0989992178624676,0.100154720937628,0.0920951594377836,60,0,False,60,60,0,2.4642946439944358
keyless,chronos_nn5_weekly,seasonal_naive,24.362703577677408,27.789332755406697,0.1751944833745559,1.1069579573227597,,,0.1725570894775915,0.1615886524138545,0.1473178801999727,60,0,False,60,60,0,0.036725762007336
keyless,chronos_weather,moirai_2_0_small,1.3650983900219822,2.8807568864081987,1.8603369812170665,0.4295630085941588,0.6950000000000001,3.652472525187161,0.8568591777044231,0.9941934350074756,0.9642585007470732,60,0,False,60,60,0,0.8774803180021991
keyless,chronos_weather,timesfm_2_5_200m,1.3780062944093516,2.868839392317265,1.6474320175747077,0.4360977991276868,0.6272222222222222,3.597336184071458,0.8650282996215907,1.0923598588687382,0.9776418387691854,60,0,False,60,60,0,13.840799424003308
keyless,chronos_weather,chronos_t5_tiny,1.3828853530752183,2.9496108483466026,1.8433457553386687,0.4292743755349024,0.2894444444444444,3.80610769663168,0.9505842768379354,0.973808994110795,0.9846567174440922,180,0,False,60,60,0,167.98440541000855
keyless,chronos_weather,deepar,1.3955603764169302,2.8865427310891683,1.8284175166779884,0.4307580036056245,0.4564814814814815,3.6678639883580417,0.9439653237322896,0.9845461883750436,1.000569564689379,180,0,False,60,60,0,1632.3585234270067
keyless,chronos_weather,auto_arima,2.0253151090815664,2.959938003619512,1.7079786817232767,0.7603974418260687,0.7077777777777778,3.2276361014532005,1.3501954479365752,6.112224225347792,2.1490786153376598,60,0,False,60,60,0,32.39177172499785
keyless,chronos_weather,seasonal_naive,2.037136704474688,3.663409960145752,0.7292539659887552,0.7726037629430126,0.2966666666666667,4.010311597715253,1.412417198205687,1.64120497222438,1.106678416540019,60,0,False,60,60,0,0.0403241949998118
keyless,chronos_weather,arima_2_1_2,2.0530513944725195,2.993875566869974,1.7053856790065764,0.7756966662576337,0.7094444444444445,3.243981975576152,1.3682929393712635,6.0260237353189945,2.1827760730677657,60,0,False,60,60,0,8.334457868001664
keyless,chronos_weather,prophet,2.2548032517234486,3.2435568138957023,1.7230310155285729,0.8457955422403862,0.6598148148148149,3.3809377918208856,1.3980929086766758,6.571624527947091,2.2445919750279533,180,0,False,60,60,0,9.829102942992904
keyless,external_national_illness,arima_2_1_2,,,,,,,,,,0,1,False,1,0,1,0.0
keyless,external_national_illness,auto_arima,,,,,,,,,,0,1,False,1,0,1,0.0
keyless,external_national_illness,chronos_t5_tiny,,,,,,,,,,0,1,False,1,0,1,0.0
keyless,external_national_illness,deepar,,,,,,,,,,0,1,False,1,0,1,0.0
keyless,external_national_illness,moirai_2_0_small,,,,,,,,,,0,1,False,1,0,1,0.0
keyless,external_national_illness,prophet,,,,,,,,,,0,1,False,1,0,1,0.0
keyless,external_national_illness,seasonal_naive,,,,,,,,,,0,1,False,1,0,1,0.0
keyless,external_national_illness,timesfm_2_5_200m,,,,,,,,,,0,1,False,1,0,1,0.0
keyless,external_psm,arima_2_1_2,,,,,,,,,,0,1,False,1,0,1,0.0
keyless,external_psm,auto_arima,,,,,,,,,,0,1,False,1,0,1,0.0
keyless,external_psm,chronos_t5_tiny,,,,,,,,,,0,1,False,1,0,1,0.0
keyless,external_psm,deepar,,,,,,,,,,0,1,False,1,0,1,0.0
keyless,external_psm,moirai_2_0_small,,,,,,,,,,0,1,False,1,0,1,0.0
keyless,external_psm,prophet,,,,,,,,,,0,1,False,1,0,1,0.0
keyless,external_psm,seasonal_naive,,,,,,,,,,0,1,False,1,0,1,0.0
keyless,external_psm,timesfm_2_5_200m,,,,,,,,,,0,1,False,1,0,1,0.0
keyless,external_traffic,arima_2_1_2,,,,,,,,,,0,1,False,1,0,1,0.0
keyless,external_traffic,auto_arima,,,,,,,,,,0,1,False,1,0,1,0.0
keyless,external_traffic,chronos_t5_tiny,,,,,,,,,,0,1,False,1,0,1,0.0
keyless,external_traffic,deepar,,,,,,,,,,0,1,False,1,0,1,0.0
keyless,external_traffic,moirai_2_0_small,,,,,,,,,,0,1,False,1,0,1,0.0
keyless,external_traffic,prophet,,,,,,,,,,0,1,False,1,0,1,0.0
keyless,external_traffic,seasonal_naive,,,,,,,,,,0,1,False,1,0,1,0.0
keyless,external_traffic,timesfm_2_5_200m,,,,,,,,,,0,1,False,1,0,1,0.0
keyless,official_usgs_streamflow,timesfm_2_5_200m,1482.401045872615,2288.642712519719,0.320585728264772,1.1288311035236005,,,0.2601051335444648,0.2957121763601261,0.2219450243690102,13,0,False,13,13,0,3.1889461150040006
keyless,official_usgs_streamflow,moirai_2_0_small,1722.1587999784028,2537.578521728516,0.3173247224722917,1.0884068169177117,,,0.2955515542806355,0.3083124072162997,0.2318028434468594,13,0,False,13,13,0,0.2242403849995753
keyless,official_usgs_streamflow,chronos_t5_tiny,1835.6538478166628,2658.06284175775,0.3580049027044039,1.154348704570139,,,0.3038554510221314,0.3461012905438775,0.2193062355571989,39,0,False,13,13,0,40.11873940700025
keyless,official_usgs_streamflow,auto_arima,2240.264759944036,2800.916189340445,0.3938308713527826,1.146257528634726,,,0.722064713499363,0.7546287672586716,0.8338335066938233,13,0,False,13,13,0,6.1080920479944325
keyless,official_usgs_streamflow,deepar,2346.6679122142305,3226.7871149503267,0.4165724989217825,1.2323521144788718,,,0.4106988449106906,0.4844776467925741,0.2562279288298585,39,0,False,13,13,0,365.8096817480055
keyless,official_usgs_streamflow,arima_2_1_2,2438.859977428729,3125.0008453956016,0.3839576252951072,1.1621166086340458,,,0.6369930304638102,0.7341931548572292,0.7960471560016423,13,0,False,13,13,0,1.1600526349993745
keyless,official_usgs_streamflow,seasonal_naive,4882.870468139648,6595.453228290265,0.6607804046227381,1.9258438590559976,,,0.9391897705450574,1.2435962097036333,0.4736494317021399,13,0,False,13,13,0,0.0079993500057753
keyless,official_usgs_streamflow,prophet,5656.87554481702,6175.667157882299,0.6676262494367666,1.3220307034347858,,,0.8238449777614375,0.7603230258766898,0.8003340634548929,39,0,False,13,13,0,2.747282468995764
